<?xml version="1.0" encoding="UTF-8"?>
<beans xmlns="http://www.springframework.org/schema/beans"
	xmlns:xsi="http://www.w3.org/2001/XMLSchema-instance" xmlns:mvc="http://www.springframework.org/schema/mvc"
	xmlns:tx="http://www.springframework.org/schema/tx" xmlns:context="http://www.springframework.org/schema/context"
	xsi:schemaLocation="http://www.springframework.org/schema/mvc http://www.springframework.org/schema/mvc/spring-mvc-4.1.xsd
        http://www.springframework.org/schema/beans http://www.springframework.org/schema/beans/spring-beans.xsd
        http://www.springframework.org/schema/context http://www.springframework.org/schema/context/spring-context-4.1.xsd
        http://www.springframework.org/schema/tx http://www.springframework.org/schema/tx/spring-tx-4.1.xsd">
	<context:annotation-config />
	<mvc:annotation-driven />
	<context:component-scan base-package="com.virtusa.firstapp" />

	<mvc:resources mapping="/resources/**" location="resources/"
		cache-period="31556926" />
	<mvc:resources mapping="/view/**" location="/WEB-INF/view/"
		cache-period="31556926" />
	<mvc:view-controller path="/" view-name="index" />

	<bean id="viewResolver"
		class="org.springframework.web.servlet.view.InternalResourceViewResolver">
		<property name="prefix" value="/view/"></property>
		<property name="suffix" value=".html"></property>
	</bean>

	<bean
		class="org.springframework.web.servlet.mvc.method.annotation.RequestMappingHandlerAdapter">
		<property name="messageConverters">
			<list>
				<ref bean="jackson2HttpMessageConverter" />
			</list>
		</property>
	</bean>

	<bean id="jackson2HttpMessageConverter"
		class="org.springframework.http.converter.json.MappingJackson2HttpMessageConverter" />

	<bean id="dataSource" class="org.apache.commons.dbcp.BasicDataSource">
		<property name="driverClassName" value="com.mysql.jdbc.Driver"></property>
		<property name="url" value="jdbc:mysql://localhost:3306/abc"></property>
		<property name="username" value="root"></property>
		<property name="password" value="root"></property>
	</bean>
	<bean id="mysessionFactory"
		class="org.springframework.orm.hibernate5.LocalSessionFactoryBean">
		<property name="dataSource" ref="dataSource"></property>
		<property name="annotatedClasses">
			<list>
				<value>com.virtusa.firstapp.bean.User</value>
			</list>
		</property>
		<property name="hibernateProperties">
			<props>
				<prop key="hibernate.dialect">org.hibernate.dialect.MySQLDialect</prop>
				<prop key="hibernate.hbm2ddl.auto">create</prop>
				<prop key="hibernate.show_sql">true</prop>
				<prop key="hibernate.enable_lazy_load_no_trans">true</prop>
			</props>
		</property>
	</bean>
	<bean id="transactionManager"
		class="org.springframework.orm.hibernate5.HibernateTransactionManager">
		<property name="sessionFactory" ref="mysessionFactory"></property>
	</bean>

	<!-- <bean id="multipartResolver" class="org.springframework.web.multipart.commons.CommonsMultipartResolver"> 
		<property name="maxUploadSize" value="2097152"></property> </bean> -->
</beans>