<?xml version="1.0" encoding="utf-8"?>
<databaseChangeLog xmlns="http://www.liquibase.org/xml/ns/dbchangelog"
	xmlns:xsi="http://www.w3.org/2001/XMLSchema-instance"
	xsi:schemaLocation="http://www.liquibase.org/xml/ns/dbchangelog http://www.liquibase.org/xml/ns/dbchangelog/dbchangelog-3.1.xsd">

	<property name="now" value="now()" dbms="mysql,h2" />
	<property name="now" value="current_timestamp" dbms="postgresql" />

	<changeSet id="00000000000000" author="syntrac" dbms="postgresql">
		<createSequence sequenceName="hibernate_sequence"
			startValue="1000" incrementBy="1" />
	</changeSet>

	<changeSet id="00000000000001" author="syntrac">
		<createTable tableName="PATIENT">
			<column name="id" type="bigint" autoIncrement="true">
				<constraints primaryKey="true" nullable="false" />
			</column>
			<column name="first_name" type="varchar(100)" />
			<column name="last_name" type="varchar(100)" />
			<column name="email" type="varchar(100)"/>
			<column name="dob" type="date" />
			<column name="weight" type="double(5,2)" />
			<column name="mrn" type="bigint" />
			<column name="gender" type="varchar(1)" />
			<column name="address_id" type="bigint" />
			<column name="marital_status" type="varchar(50)"/>
		</createTable>

		<createTable tableName="ADDRESS">
			<column name="id" type="bigint" autoIncrement="true">
				<constraints primaryKey="true" nullable="false" />
			</column>
			<column name="line1" type="varchar(100)"/>
			<column name="line2" type="varchar(100)" />
			<column name="phone1" type="varchar(100)" />
			<column name="phone2" type="varchar(100)" />
			<column name="city" type="varchar(100)" />
			<column name="zip" type="bigint" />
			<column name="state" type="varchar(50)" />
		</createTable>

		<addForeignKeyConstraint baseColumnNames="address_id"
			baseTableName="PATIENT" constraintName="fk_patient_address"
			referencedColumnNames="id" referencedTableName="ADDRESS" />

	</changeSet>
</databaseChangeLog>
